{
  "type": "minecraft:generic",
  "pools": [
    {
      "rolls": 5,
      "entries": [
        {
          "type": "minecraft:item",
          "name": "minecraft:air",
          "weight": 68
        },
	{
          "type": "minecraft:item",
          "name": "minecraft:rotten_flesh",
          "weight": 12
        },
	{
          "type": "minecraft:item",
          "name": "minecraft:emerald",
          "weight": 21
        },
	{
          "type": "minecraft:item",
          "name": "minecraft:raw_iron",
          "weight": 2,
          "functions": [
            {
              "function": "minecraft:set_nbt",
              "tag": "{display:{Name:\"{\\\"text\\\":\\\"钝铁\\\",\\\"italic\\\":false,\\\"color\\\":\\\"white\\\"}\"}}"
            }
]
        }
      ]
    },
    {
      "rolls": 4,
      "entries": [
        {
          "type": "minecraft:item",
          "name": "minecraft:air",
          "weight": 50
        },
	{
          "type": "minecraft:item",
          "name": "minecraft:emerald",
          "weight": 20
        }
      ]
    },
    {
      "rolls": 1,
      "entries": [
        {
          "type": "minecraft:item",
          "name": "minecraft:air",
          "weight": 995
        },
	{
          "type": "minecraft:item",
          "name": "minecraft:glistering_melon_slice",
          "weight": 5
        }
      ]
    }
  ]
}