{
  "type": "minecraft:generic",
  "pools": [
    {
      "rolls": 5,
      "entries": [
        {
          "type": "minecraft:item",
          "name": "minecraft:air",
          "weight": 47
        },
	{
          "type": "minecraft:item",
          "name": "minecraft:black_dye",
          "weight": 13,
          "functions": [
            {
              "function": "minecraft:set_nbt",
              "tag": "{display:{Name:\"{\\\"text\\\":\\\"虫骸\\\",\\\"italic\\\":false,\\\"color\\\":\\\"white\\\"}\"}}"
            }
]
        },
	{
          "type": "minecraft:item",
          "name": "minecraft:emerald",
          "weight": 30
        },
	{
          "type": "minecraft:item",
          "name": "minecraft:ghast_tear",
          "weight": 2,
          "functions": [
            {
              "function": "minecraft:set_nbt",
              "tag": "{display:{Name:\"{\\\"text\\\":\\\"黑暗精华\\\",\\\"italic\\\":false,\\\"color\\\":\\\"dark_purple\\\"}\"}}"
            }
]
        }
      ]
    },
    {
      "rolls": 2,
      "entries": [
        {
          "type": "minecraft:item",
          "name": "minecraft:air",
          "weight": 50
        },
	{
          "type": "minecraft:item",
          "name": "minecraft:lapis_lazuli",
          "weight": 20
        }
      ]
    }
  ]
}