{
  "type": "minecraft:generic",
  "pools": [
    {
      "rolls": 3,
      "entries": [
        {
          "type": "minecraft:item",
          "name": "minecraft:air",
          "weight": 70
        },
	{
          "type": "minecraft:item",
          "name": "minecraft:emerald",
          "weight": 16
        },
	{
          "type": "minecraft:item",
          "name": "minecraft:ghast_tear",
          "weight": 1,
          "functions": [
            {
              "function": "minecraft:set_nbt",
              "tag": "{display:{Name:\"{\\\"text\\\":\\\"黑暗精华\\\",\\\"italic\\\":false,\\\"color\\\":\\\"dark_purple\\\"}\"}}"
            }
]
        },
	{
          "type": "minecraft:item",
          "name": "minecraft:ghast_tear",
          "weight": 1,
          "functions": [
            {
              "function": "minecraft:set_nbt",
              "tag": "{display:{Name:\"{\\\"text\\\":\\\"光明精华\\\",\\\"italic\\\":false,\\\"color\\\":\\\"blue\\\"}\"}}"
            }
]
        }
      ]
    },
    {
      "rolls": 6,
      "entries": [
        {
          "type": "minecraft:item",
          "name": "minecraft:air",
          "weight": 70
        },
	{
          "type": "minecraft:item",
          "name": "minecraft:emerald",
          "weight": 20
        }
      ]
    },
    {
      "rolls": 1,
      "entries": [
        {
          "type": "minecraft:item",
          "name": "minecraft:air",
          "weight": 995
        },
	{
          "type": "minecraft:item",
          "name": "minecraft:glistering_melon_slice",
          "weight": 5
        }
      ]
    }
  ]
}