{
  "type": "minecraft:generic",
  "pools": [
    {
      "rolls": 4,
      "entries": [
        {
          "type": "minecraft:item",
          "name": "minecraft:air",
          "weight": 80
        },
	{
          "type": "minecraft:item",
          "name": "minecraft:arrow",
          "weight": 5
        },
	{
          "type": "minecraft:item",
          "name": "minecraft:stick",
          "weight": 5
        },
	{
          "type": "minecraft:item",
          "name": "minecraft:chain",
          "weight": 3
        },
	{
          "type": "minecraft:item",
          "name": "minecraft:blaze_powder",
          "weight": 2,
          "functions": [
            {
              "function": "minecraft:set_nbt",
              "tag": "{display:{Name:\"{\\\"text\\\":\\\"炽焰粉尘\\\",\\\"italic\\\":false,\\\"color\\\":\\\"dark_purple\\\"}\"}}"
            }
	  ]
        },
	{
          "type": "minecraft:item",
          "name": "minecraft:emerald",
          "weight": 8
        },
	{
          "type": "minecraft:item",
          "name": "minecraft:bone",
          "weight": 25,
          "functions": [
            {
              "function": "minecraft:set_nbt",
              "tag": "{display:{Name:\"{\\\"text\\\":\\\"硬骨\\\",\\\"italic\\\":false,\\\"color\\\":\\\"white\\\"}\"}}"
            }
          ]
        },
	      {
          "type": "minecraft:item",
          "name": "minecraft:stone_shovel",
          "weight": 1,
          "functions": [
            {
              "function": "minecraft:set_nbt",
              "tag": "{display:{Name:\"{\\\"text\\\":\\\"硬骨铲·改\\\",\\\"italic\\\":false,\\\"color\\\":\\\"dark_red\\\"}\"},AttributeModifiers:[{AttributeName:\"generic.attack_damage\",Amount:12.0,Operation:0,UUID:[I;84300,102,1,7],Slot:\"mainhand\"},{AttributeName:\"generic.attack_speed\",Amount:-3.35,Operation:0,UUID:[I;84300,102,1,8],Slot:\"mainhand\"}],Enchantments:[{id:\"minecraft:bane_of_arthropods\",lvl:2},{id:\"minecraft:unbreaking\",lvl:1}]}"
            }
          ]
        },
	      {
          "type": "minecraft:item",
          "name": "minecraft:stone_shovel",
          "weight": 1,
          "functions": [
            {
              "function": "minecraft:set_nbt",
              "tag": "{display:{Name:\"{\\\"text\\\":\\\"硬骨铲·焰\\\",\\\"italic\\\":false,\\\"color\\\":\\\"dark_red\\\"}\"},AttributeModifiers:[{AttributeName:\"generic.attack_damage\",Amount:11.5,Operation:0,UUID:[I;84300,102,102,7],Slot:\"mainhand\"},{AttributeName:\"generic.attack_speed\",Amount:-3.35,Operation:0,UUID:[I;84300,102,1,8],Slot:\"mainhand\"}],Enchantments:[{id:\"minecraft:bane_of_arthropods\",lvl:2},{id:\"minecraft:fire_aspect\",lvl:1},{id:\"minecraft:unbreaking\",lvl:1}]}"
            }
          ]
        }
      ]
    },
    {
      "rolls": 3,
      "entries": [
        {
          "type": "minecraft:item",
          "name": "minecraft:air",
          "weight": 30
        },
	{
          "type": "minecraft:item",
          "name": "minecraft:emerald",
          "weight": 20
        }
      ]
    },
    {
      "rolls": 1,
      "entries": [
        {
          "type": "minecraft:item",
          "name": "minecraft:air",
          "weight": 995
        },
	{
          "type": "minecraft:item",
          "name": "minecraft:glistering_melon_slice",
          "weight": 5
        }
      ]
    }
  ]
}