{
  "type": "minecraft:generic",
  "pools": [
    {
      "rolls": 4,
      "entries": [
        {
          "type": "minecraft:item",
          "name": "minecraft:air",
          "weight": 50
        },
	{
          "type": "minecraft:item",
          "name": "minecraft:emerald",
          "weight": 15
        },
	{
          "type": "minecraft:item",
          "name": "minecraft:slime_ball",
          "weight": 5
        }
      ]
    },
    {
      "rolls": 5,
      "entries": [
        {
          "type": "minecraft:item",
          "name": "minecraft:air",
          "weight": 999
        },
	{
          "type": "minecraft:item",
          "name": "minecraft:glistering_melon_slice",
          "weight": 1
        }
      ]
    }
  ]
}