{
  "type": "minecraft:generic",
  "pools": [
    {
      "rolls": 6,
      "entries": [
        {
          "type": "minecraft:item",
          "name": "minecraft:air",
          "weight": 80
        },
	{
          "type": "minecraft:item",
          "name": "minecraft:arrow",
          "weight": 5
        },
	{
          "type": "minecraft:item",
          "name": "minecraft:stick",
          "weight": 5
        },
	{
          "type": "minecraft:item",
          "name": "minecraft:emerald",
          "weight": 8
        },
	{
          "type": "minecraft:item",
          "name": "minecraft:bone",
          "weight": 27,
          "functions": [
            {
              "function": "minecraft:set_nbt",
              "tag": "{display:{Name:\"{\\\"text\\\":\\\"硬骨\\\",\\\"italic\\\":false,\\\"color\\\":\\\"white\\\"}\"}}"
            }
]
        }
      ]
    },
    {
      "rolls": 2,
      "entries": [
        {
          "type": "minecraft:item",
          "name": "minecraft:air",
          "weight": 30
        },
	{
          "type": "minecraft:item",
          "name": "minecraft:emerald",
          "weight": 20
        }
      ]
    },
    {
      "rolls": 1,
      "entries": [
        {
          "type": "minecraft:item",
          "name": "minecraft:air",
          "weight": 995
        },
	{
          "type": "minecraft:item",
          "name": "minecraft:glistering_melon_slice",
          "weight": 5
        }
      ]
    }
  ]
}