{
  "type": "minecraft:generic",
  "pools": [
    {
      "rolls": 3,
      "entries": [
        {
          "type": "minecraft:item",
          "name": "minecraft:air",
          "weight": 90
        },
	{
          "type": "minecraft:item",
          "name": "minecraft:string",
          "weight": 10
        },
	{
          "type": "minecraft:item",
          "name": "minecraft:spider_eye",
          "weight": 1
        },
	{
          "type": "minecraft:item",
          "name": "minecraft:emerald",
          "weight": 4
        }
      ]
    },
    {
      "rolls": 1,
      "entries": [
        {
          "type": "minecraft:item",
          "name": "minecraft:air",
          "weight": 50
        },
	{
          "type": "minecraft:item",
          "name": "minecraft:emerald",
          "weight": 20
        }
      ]
    }
  ]
}