{
  "type": "minecraft:generic",
  "pools": [
    {
      "rolls": 5,
      "entries": [
        {
          "type": "minecraft:item",
          "name": "minecraft:air",
          "weight": 94
        },
	{
          "type": "minecraft:item",
          "name": "minecraft:rotten_flesh",
          "weight": 3
        },
	{
          "type": "minecraft:item",
          "name": "minecraft:emerald",
          "weight": 5
        },
	{
          "type": "minecraft:item",
          "name": "minecraft:leather",
          "weight": 8
        }
      ]
    },
    {
      "rolls": 2,
      "entries": [
        {
          "type": "minecraft:item",
          "name": "minecraft:air",
          "weight": 40
        },
	{
          "type": "minecraft:item",
          "name": "minecraft:emerald",
          "weight": 20
        }
      ]
    },
    {
      "rolls": 1,
      "entries": [
        {
          "type": "minecraft:item",
          "name": "minecraft:air",
          "weight": 995
        },
	{
          "type": "minecraft:item",
          "name": "minecraft:glistering_melon_slice",
          "weight": 5
        }
      ]
    }
  ]
}