{
  "type": "minecraft:generic",
  "pools": [
    {
      "rolls": 5,
      "entries": [
        {
          "type": "minecraft:item",
          "name": "minecraft:air",
          "weight": 900
        },
	{
          "type": "minecraft:item",
          "name": "minecraft:string",
          "weight": 100
        },
	{
          "type": "minecraft:item",
          "name": "minecraft:spider_eye",
          "weight": 10
        },
	{
          "type": "minecraft:item",
          "name": "minecraft:emerald",
          "weight": 40
        },
	{
          "type": "minecraft:item",
          "name": "minecraft:fermented_spider_eye",
          "weight": 60,
          "functions": [
            {
              "function": "minecraft:set_nbt",
              "tag": "{display:{Name:\"{\\\"text\\\":\\\"蛛毒囊\\\",\\\"italic\\\":false,\\\"color\\\":\\\"white\\\"}\"}}"
            }
	  ]
        },
	{
          "type": "minecraft:item",
          "name": "minecraft:tipped_arrow",
          "weight": 5,
          "functions": [
            {
              "function": "minecraft:set_nbt",
              "tag": "{Potion:\"minecraft:strong_poison\",display:{Name:\"{\\\"text\\\":\\\"魔蚀·散羽之箭\\\",\\\"italic\\\":false,\\\"color\\\":\\\"dark_blue\\\"}\"}}"
            },
            {
              "function": "minecraft:set_count",
              "count": 3
            }
	  ]
        }
      ]
    },
    {
      "rolls": 4,
      "entries": [
        {
          "type": "minecraft:item",
          "name": "minecraft:air",
          "weight": 50
        },
	{
          "type": "minecraft:item",
          "name": "minecraft:emerald",
          "weight": 20
        }
      ]
    }
  ]
}