{
  "type": "minecraft:generic",
  "pools": [
    {
      "rolls": 2,
      "entries": [
        {
          "type": "minecraft:item",
          "name": "minecraft:air",
          "weight": 40
        },
	{
          "type": "minecraft:item",
          "name": "minecraft:honeycomb",
          "weight": 20
        },
	{
          "type": "minecraft:item",
          "name": "minecraft:ghast_tear",
          "weight": 7,
          "functions": [
            {
              "function": "minecraft:set_nbt",
              "tag": "{display:{Name:\"{\\\"text\\\":\\\"光明精华\\\",\\\"italic\\\":false,\\\"color\\\":\\\"blue\\\"}\"}}"
            }
]
        }
      ]
    }
  ]
}