{
  "type": "minecraft:generic",
  "pools": [
    {
      "rolls": 5,
      "entries": [
        {
          "type": "minecraft:item",
          "name": "minecraft:air",
          "weight": 94
        },
	{
          "type": "minecraft:item",
          "name": "minecraft:rotten_flesh",
          "weight": 3
        },
	{
          "type": "minecraft:item",
          "name": "minecraft:emerald",
          "weight": 5
        },
        {
          "type": "minecraft:item",
          "weight": 4,
          "name": "minecraft:rabbit_foot",
          "functions": [
            {
              "function": "minecraft:set_nbt",
              "tag": "{display:{Name:\"{\\\"text\\\":\\\"尸爪\\\",\\\"italic\\\":false,\\\"color\\\":\\\"white\\\"}\"}}"
            }
          ]
        },
	{
          "type": "minecraft:item",
          "name": "minecraft:chain",
          "weight": 3
        }
      ]
    },
    {
      "rolls": 2,
      "entries": [
        {
          "type": "minecraft:item",
          "name": "minecraft:air",
          "weight": 80
        },
	{
          "type": "minecraft:item",
          "name": "minecraft:emerald",
          "weight": 20
        }
      ]
    },
    {
      "rolls": 1,
      "entries": [
        {
          "type": "minecraft:item",
          "name": "minecraft:air",
          "weight": 995
        },
	{
          "type": "minecraft:item",
          "name": "minecraft:glistering_melon_slice",
          "weight": 5
        }
      ]
    }
  ]
}