{
  "type": "minecraft:generic",
  "pools": [
    {
      "rolls": 5,
      "entries": [
        {
          "type": "minecraft:item",
          "name": "minecraft:air",
          "weight": 70
        },
	{
          "type": "minecraft:item",
          "name": "minecraft:rotten_flesh",
          "weight": 7
        },
	{
          "type": "minecraft:item",
          "name": "minecraft:emerald",
          "weight": 16
        },
	{
          "type": "minecraft:item",
          "name": "minecraft:chain",
          "weight": 3
        }
      ]
    },
    {
      "rolls": 8,
      "entries": [
        {
          "type": "minecraft:item",
          "name": "minecraft:air",
          "weight": 70
        },
	{
          "type": "minecraft:item",
          "name": "minecraft:emerald",
          "weight": 28
        },
	{
          "type": "minecraft:item",
          "name": "minecraft:stick",
          "weight": 8
        },
	{
          "type": "minecraft:item",
          "name": "minecraft:raw_iron",
          "weight": 2,
          "functions": [
            {
              "function": "minecraft:set_nbt",
              "tag": "{display:{Name:\"{\\\"text\\\":\\\"钝铁\\\",\\\"italic\\\":false,\\\"color\\\":\\\"white\\\"}\"}}"
            }
]
        }
      ]
    },
    {
      "rolls": 1,
      "entries": [
        {
          "type": "minecraft:item",
          "name": "minecraft:air",
          "weight": 995
        },
	{
          "type": "minecraft:item",
          "name": "minecraft:glistering_melon_slice",
          "weight": 5
        },
	{
          "type": "minecraft:item",
          "name": "minecraft:zombie_head",
          "weight": 2,
          "functions": [
            {
              "function": "minecraft:set_nbt",
              "tag": "{display:{Name:\"{\\\"text\\\":\\\"腐烂的尸首\\\",\\\"italic\\\":false,\\\"color\\\":\\\"blue\\\"}\"}}"
            }
	  ]
        }
      ]
    }
  ]
}