{
  "type": "minecraft:generic",
  "pools": [
    {
      "rolls": 5,
      "entries": [
        {
          "type": "minecraft:item",
          "weight": 70,
          "name": "minecraft:air"
        },
        {
          "type": "minecraft:item",
          "weight": 6,
          "name": "minecraft:rotten_flesh"
        },
	{
          "type": "minecraft:item",
          "weight": 3,
          "name": "minecraft:chain"
        },
        {
          "type": "minecraft:item",
          "weight": 16,
          "name": "minecraft:emerald"
        }
      ]
    },
    {
      "rolls": 4,
      "entries": [
        {
          "type": "minecraft:item",
          "weight": 70,
          "name": "minecraft:air"
        },
        {
          "type": "minecraft:item",
          "weight": 20,
          "name": "minecraft:emerald"
        }
      ]
    },
    {
      "rolls": 1,
      "entries": [
        {
          "type": "minecraft:item",
          "weight": 20,
          "name": "minecraft:air"
        },
        {
          "type": "minecraft:item",
          "weight": 20,
          "name": "minecraft:iron_nugget",
          "functions": [
            {
              "function": "minecraft:set_nbt",
              "tag": "{display:{Name:\"{\\\"text\\\":\\\"盾牌碎片\\\",\\\"italic\\\":false,\\\"color\\\":\\\"white\\\"}\"}}"
            }
          ]
        }
      ]
    },
    {
      "rolls": 1,
      "entries": [
        {
          "type": "minecraft:item",
          "name": "minecraft:air",
          "weight": 995
        },
	{
          "type": "minecraft:item",
          "name": "minecraft:glistering_melon_slice",
          "weight": 5
        }
      ]
    }
  ]
}