{
  "type": "minecraft:generic",
  "pools": [
    {
      "rolls": 2,
      "entries": [
        {
          "type": "minecraft:item",
          "name": "minecraft:air",
          "weight": 47
        },
	{
          "type": "minecraft:item",
          "name": "minecraft:black_dye",
          "weight": 33,
          "functions": [
            {
              "function": "minecraft:set_nbt",
              "tag": "{display:{Name:\"{\\\"text\\\":\\\"虫骸\\\",\\\"italic\\\":false,\\\"color\\\":\\\"white\\\"}\"}}"
            }
	]
        },
	{
          "type": "minecraft:item",
          "name": "minecraft:emerald",
          "weight": 10
        },
	{
          "type": "minecraft:item",
          "name": "minecraft:green_dye",
          "weight": 5,
          "functions": [
            {
              "function": "minecraft:set_nbt",
              "tag": "{display:{Name:\"{\\\"text\\\":\\\"草附的虫骸\\\",\\\"italic\\\":false,\\\"color\\\":\\\"blue\\\"}\"}}"
            }
	]
        }
      ]
    },
    {
      "rolls": 2,
      "entries": [
        {
          "type": "minecraft:item",
          "name": "minecraft:air",
          "weight": 50
        },
	{
          "type": "minecraft:item",
          "name": "minecraft:flint",
          "weight": 50
        }
      ]
    }
  ]
}