{
  "type": "minecraft:generic",
  "pools": [
    {
      "rolls": 4,
      "entries": [
        {
          "type": "minecraft:item",
          "name": "minecraft:air",
          "weight": 140
        },
	{
          "type": "minecraft:item",
          "name": "minecraft:gold_nugget",
          "weight": 280
        },
	{
          "type": "minecraft:item",
          "name": "minecraft:gunpowder",
          "weight": 80
        },
	{
          "type": "minecraft:item",
          "name": "minecraft:blaze_powder",
          "weight": 6,
          "functions": [
            {
              "function": "minecraft:set_nbt",
              "tag": "{display:{Name:\"{\\\"text\\\":\\\"炽焰粉尘\\\",\\\"italic\\\":false,\\\"color\\\":\\\"dark_purple\\\"}\"}}"
            }
]
        },
	{
          "type": "minecraft:item",
          "name": "minecraft:ghast_tear",
          "weight": 12,
          "functions": [
            {
              "function": "minecraft:set_nbt",
              "tag": "{display:{Name:\"{\\\"text\\\":\\\"光明精华\\\",\\\"italic\\\":false,\\\"color\\\":\\\"blue\\\"}\"}}"
            }
	  ]
        },
	{
          "type": "minecraft:item",
          "name": "minecraft:beetroot_seeds",
          "weight": 20
        }
      ]
    },
    {
      "rolls": 1,
      "entries": [
        {
          "type": "minecraft:item",
          "name": "minecraft:air",
          "weight": 995
        },
	{
          "type": "minecraft:item",
          "name": "minecraft:glistering_melon_slice",
          "weight": 5
        }
      ]
    }
  ]
}