{
  "type": "minecraft:generic",
  "pools": [
    {
      "rolls": 3,
      "entries": [
        {
          "type": "minecraft:item",
          "name": "minecraft:air",
          "weight": 80
        },
	{
          "type": "minecraft:item",
          "name": "minecraft:white_wool",
          "weight": 10
        },
	{
          "type": "minecraft:item",
          "name": "minecraft:mutton",
          "weight": 10
        },
	{
          "type": "minecraft:item",
          "name": "minecraft:ghast_tear",
          "weight": 7,
          "functions": [
            {
              "function": "minecraft:set_nbt",
              "tag": "{display:{Name:\"{\\\"text\\\":\\\"光明精华\\\",\\\"italic\\\":false,\\\"color\\\":\\\"blue\\\"}\"}}"
            }
]
        }
      ]
    },
    {
      "rolls": 1,
      "entries": [
        {
          "type": "minecraft:item",
          "name": "minecraft:air",
          "weight": 995
        },
	{
          "type": "minecraft:item",
          "name": "minecraft:glistering_melon_slice",
          "weight": 5
        }
      ]
    }
  ]
}