{
  "type": "minecraft:generic",
  "pools": [
    {
      "rolls": 6,
      "entries": [
        {
          "type": "minecraft:item",
          "name": "minecraft:air",
          "weight": 80
        },
	{
          "type": "minecraft:item",
          "name": "minecraft:arrow",
          "weight": 13
        },
	{
          "type": "minecraft:item",
          "name": "minecraft:stick",
          "weight": 10
        },
	{
          "type": "minecraft:item",
          "name": "minecraft:emerald",
          "weight": 13
        },
	{
          "type": "minecraft:item",
          "name": "minecraft:paper",
          "weight": 1,
          "functions": [
            {
              "function": "minecraft:set_nbt",
              "tag": "{display:{Name:\"{\\\"text\\\":\\\"圣殿信条\\\",\\\"italic\\\":false,\\\"color\\\":\\\"blue\\\"}\"}}"
            }
]
        }
      ]
    },
    {
      "rolls": 4,
      "entries": [
        {
          "type": "minecraft:item",
          "name": "minecraft:air",
          "weight": 65
        },
	{
          "type": "minecraft:item",
          "name": "minecraft:emerald",
          "weight": 20
        },
	{
          "type": "minecraft:item",
          "name": "minecraft:ghast_tear",
          "weight": 3,
          "functions": [
            {
              "function": "minecraft:set_nbt",
              "tag": "{display:{Name:\"{\\\"text\\\":\\\"光明精华\\\",\\\"italic\\\":false,\\\"color\\\":\\\"blue\\\"}\"}}"
            }
]
        }
      ]
    },
    {
      "rolls": 1,
      "entries": [
        {
          "type": "minecraft:item",
          "name": "minecraft:air",
          "weight": 995
        },
	{
          "type": "minecraft:item",
          "name": "minecraft:glistering_melon_slice",
          "weight": 5
        }
      ]
    }
  ]
}