{
  "type": "minecraft:generic",
  "pools": [
    {
      "rolls": 8,
      "entries": [
        {
          "type": "minecraft:item",
          "name": "minecraft:air",
          "weight": 80
        },
	{
          "type": "minecraft:item",
          "name": "minecraft:beetroot_seeds",
          "weight": 3
        },
	{
          "type": "minecraft:item",
          "name": "minecraft:chain",
          "weight": 5
        },
	{
          "type": "minecraft:item",
          "name": "minecraft:flint",
          "weight": 3
        },
	{
          "type": "minecraft:item",
          "name": "minecraft:emerald",
          "weight": 9
        },
	{
          "type": "minecraft:item",
          "name": "minecraft:bone",
          "weight": 12,
          "functions": [
            {
              "function": "minecraft:set_nbt",
              "tag": "{display:{Name:\"{\\\"text\\\":\\\"冻骨\\\",\\\"italic\\\":false,\\\"color\\\":\\\"white\\\"}\"}}"
            }
]
        },
	{
          "type": "minecraft:item",
          "name": "minecraft:leather",
          "weight": 9
        }
      ]
    },
    {
      "rolls": 3,
      "entries": [
        {
          "type": "minecraft:item",
          "name": "minecraft:air",
          "weight": 50
        },
	{
          "type": "minecraft:item",
          "name": "minecraft:emerald",
          "weight": 20
        }
      ]
    },
    {
      "rolls": 1,
      "entries": [
        {
          "type": "minecraft:item",
          "name": "minecraft:air",
          "weight": 995
        },
	{
          "type": "minecraft:item",
          "name": "minecraft:glistering_melon_slice",
          "weight": 5
        }
      ]
    }
  ]
}