{
  "type": "minecraft:generic",
  "pools": [
    {
      "rolls": 5,
      "entries": [
        {
          "type": "minecraft:item",
          "name": "minecraft:air",
          "weight": 80
        },
	{
          "type": "minecraft:item",
          "name": "minecraft:rotten_flesh",
          "weight": 7
        },
	{
          "type": "minecraft:item",
          "name": "minecraft:emerald",
          "weight": 16
        }
      ]
    },
    {
      "rolls": 3,
      "entries": [
        {
          "type": "minecraft:item",
          "name": "minecraft:air",
          "weight": 70
        },
	{
          "type": "minecraft:item",
          "name": "minecraft:emerald",
          "weight": 20
        }
      ]
    },
    {
      "rolls": 1,
      "entries": [
        {
          "type": "minecraft:item",
          "name": "minecraft:air",
          "weight": 995
        },
	{
          "type": "minecraft:item",
          "name": "minecraft:glistering_melon_slice",
          "weight": 5
        },
	{
          "type": "minecraft:item",
          "name": "minecraft:stone_axe",
          "weight": 1,
          "functions": [
            {
              "function": "minecraft:set_nbt",
              "tag": "{display:{Name:\"{\\\"text\\\":\\\"石斧·尸劣\\\",\\\"italic\\\":false,\\\"color\\\":\\\"dark_red\\\"}\"},AttributeModifiers:[{AttributeName:\"generic.attack_damage\",Amount:10.5,Operation:0,UUID:[I;84300,1,10992,7],Slot:\"mainhand\"},{AttributeName:\"generic.attack_speed\",Amount:-2.87,Operation:0,UUID:[I;84300,1,10992,8],Slot:\"mainhand\"}],Unbreakable:1b}"
            }
]
        }
      ]
    }
  ]
}