{
  "pools": [
    {
      "rolls": 26,
      "entries": [
        {
          "type": "minecraft:item",
          "name": "tropical_fish",
          "weight": 20,
          "functions": [
            {
              "function": "minecraft:set_count",
              "count": {
                "min": 3,
                "max": 12
              }
            },
            {
              "function": "minecraft:limit_count",
              "limit": {
                "min": 3,
                "max": 12
              }
            }
          ]
        }, {
          "type": "minecraft:item",
          "name": "chorus_fruit",
          "weight": 3,
          "functions": [
            {
              "function": "minecraft:set_count",
              "count": {
                "min": 1,
                "max": 3
              }
            },
            {
              "function": "minecraft:limit_count",
              "limit": {
                "min": 1,
                "max": 3
              }
            }
          ]
        },
        {
          "type": "minecraft:item",
          "name": "air",
          "weight": 510
        },
        {
          "type": "minecraft:item",
          "name": "pumpkin_pie",
          "weight": 40,
          "functions": [
            {
              "function": "minecraft:set_count",
              "count": {
                "min": 1,
                "max": 4
              }
            },
            {
              "function": "minecraft:limit_count",
              "limit": {
                "min": 1,
                "max": 4
              }
            }
          ]
        },
        {
          "type": "minecraft:item",
          "name": "honey_bottle",
          "weight": 10,
          "functions": [
            {
              "function": "minecraft:limit_count",
              "limit": {
                "min": 1,
                "max": 1
              }
            },
            {
              "function": "minecraft:set_name",
              "name": "毛球私酿蜂皇浆",
              "entity": "this"
            }
          ]
        }, {
          "type": "minecraft:item",
          "name": "mooshroom_spawn_egg",
          "weight": 3,
          "functions": [
            {
              "function": "minecraft:limit_count",
              "limit": {
                "min": 1,
                "max": 3
              }
            },
            {
              "function": "minecraft:set_name",
              "name": "毛菇炖蛋",
              "entity": "this"
            }
          ]
        },
        {
          "type": "minecraft:item",
          "name": "golden_carrot",
          "weight": 12,
          "functions": [
            {
              "function": "minecraft:limit_count",
              "limit": {
                "min": 1,
                "max": 1
              }
            }
          ]
        },
        {
          "type": "minecraft:item",
          "name": "cooked_salmon",
          "weight": 35,
          "functions": [
            {
              "function": "minecraft:set_count",
              "count": {
                "min": 2,
                "max": 3
              }
            },
            {
              "function": "minecraft:limit_count",
              "limit": {
                "min": 2,
                "max": 3
              }
            }
          ]
        },
        {
          "type": "minecraft:item",
          "name": "melon_slice",
          "weight": 40,
          "functions": [
            {
              "function": "minecraft:set_count",
              "count": {
                "min": 1,
                "max": 4
              }
            },
            {
              "function": "minecraft:limit_count",
              "limit": {
                "min": 1,
                "max": 4
              }
            }
          ]
        },
        {
          "type": "minecraft:item",
          "name": "beetroot",
          "weight": 10,
          "functions": [
            {
              "function": "minecraft:set_count",
              "count": {
                "min": 2,
                "max": 6
              }
            },
            {
              "function": "minecraft:limit_count",
              "limit": {
                "min": 2,
                "max": 3
              }
            }
          ]
        },
        {
          "type": "minecraft:item",
          "name": "poisonous_potato",
          "weight": 14,
          "functions": [
            {
              "function": "minecraft:set_count",
              "count": {
                "min": 3,
                "max": 9
              }
            },
            {
              "function": "minecraft:limit_count",
              "limit": {
                "min": 1,
                "max": 12
              }
            }
          ]
        },{
          "type": "minecraft:item",
          "name": "potato",
          "weight": 22,
          "functions": [
            {
              "function": "minecraft:set_count",
              "count": {
                "min": 3,
                "max": 9
              }
            },
            {
              "function": "minecraft:limit_count",
              "limit": {
                "min": 1,
                "max": 12
              }
            }
          ]
        },
        {
          "type": "minecraft:item",
          "name": "milk_bucket",
          "weight": 7
        },
        {
          "type": "minecraft:item",
          "name": "rabbit_stew",
          "weight": 5
        },
        {
          "type": "minecraft:item",
          "name": "pumpkin_pie",
          "weight": 19,
          "functions": [
            {
              "function": "minecraft:set_count",
              "count": 4
            },
            {
              "function": "minecraft:limit_count",
              "limit": {
                "min": 4,
                "max": 6
              }
            }
          ]
        }
      ]
    },
    {
      "rolls": 1,
      "entries": [
        {
          "type": "minecraft:item",
          "name": "cake",
          "weight": 100
        }
      ]
    }
  ]
}