{
  "pools": [
    {
      "rolls": 27,
      "entries": [
        {
          "type": "minecraft:item",
          "name": "minecraft:black_stained_glass",
          "weight": 90,
          "functions": [
            {
              "function": "minecraft:set_count",
              "count": {
                "min": 5,
                "max": 26
              }
            },
            {
              "function": "minecraft:limit_count",
              "limit": {
                "min": 1,
                "max": 12
              }
            }
          ]
        },
        {
          "type": "minecraft:item",
          "name": "minecraft:grindstone",
          "weight": 3,
          "functions": [
            {
              "function": "minecraft:set_count",
              "count": {
                "min": 1,
                "max": 1
              }
            },
            {
              "function": "minecraft:limit_count",
              "limit": {
                "min": 1,
                "max": 1
              }
            }
          ]
        },
        {
          "type": "minecraft:item",
          "name": "minecraft:smithing_table",
          "weight": 2,
          "functions": [
            {
              "function": "minecraft:set_count",
              "count": {
                "min": 1,
                "max": 1
              }
            },
            {
              "function": "minecraft:limit_count",
              "limit": {
                "min": 1,
                "max": 1
              }
            }
          ]
        },
        {
          "type": "minecraft:item",
          "name": "minecraft:bamboo",
          "weight": 30,
          "functions": [
            {
              "function": "minecraft:set_count",
              "count": {
                "min": 2,
                "max": 6
              }
            },
            {
              "function": "minecraft:limit_count",
              "limit": {
                "min": 1,
                "max": 12
              }
            }
          ]
        },
        {
          "type": "minecraft:item",
          "name": "minecraft:bell",
          "weight": 2,
          "functions": [
            {
              "function": "minecraft:set_count",
              "count": 1
            }
          ]
        },
        {
          "type": "minecraft:item",
          "name": "minecraft:iron_axe",
          "weight": 6
        },
        {
          "type": "minecraft:item",
          "name": "minecraft:iron_pickaxe",
          "weight": 8
        },
        {
          "type": "minecraft:item",
          "name": "minecraft:iron_sword",
          "weight": 7
        },
        {
          "type": "minecraft:item",
          "name": "minecraft:chainmail_leggings",
          "weight": 12
        },
        {
          "type": "minecraft:item",
          "name": "minecraft:chainmail_chestplate",
          "weight": 10
        },
        {
          "type": "minecraft:item",
          "name": "minecraft:golden_chestplate",
          "weight": 8
        },
        {
          "type": "minecraft:item",
          "name": "minecraft:golden_helmet",
          "weight": 11
        },
        {
          "type": "minecraft:item",
          "name": "minecraft:chainmail_boots",
          "weight": 13
        },
        {
          "type": "minecraft:item",
          "name": "minecraft:golden_boots",
          "weight": 12
        },
        {
          "type": "minecraft:item",
          "name": "minecraft:golden_leggings",
          "weight": 10
        },
        {
          "type": "minecraft:item",
          "name": "minecraft:fishing_rod",
          "weight": 8
        },
        {
          "type": "minecraft:item",
          "name": "minecraft:light_blue_stained_glass",
          "weight": 70,
          "functions": [
            {
              "function": "minecraft:set_count",
              "count": {
                "min": 4,
                "max": 29
              }
            },
            {
              "function": "minecraft:limit_count",
              "limit": {
                "min": 1,
                "max": 14
              }
            }
          ]
        },
        {
          "type": "minecraft:item",
          "name": "minecraft:dried_kelp",
          "weight": 18,
          "functions": [
            {
              "function": "minecraft:set_count",
              "count": {
                "min": 5,
                "max": 40
              }
            },
            {
              "function": "minecraft:limit_count",
              "limit": {
                "min": 1,
                "max": 30
              }
            }
          ]
        },
        {
          "type": "minecraft:item",
          "name": "minecraft:egg",
          "weight": 5,
          "functions": [
            {
              "function": "minecraft:set_count",
              "count": {
                "min": 4,
                "max": 16
              }
            },
            {
              "function": "minecraft:limit_count",
              "limit": {
                "min": 3,
                "max": 6
              }
            }
          ]
        },
        {
          "type": "minecraft:item",
          "name": "minecraft:magma_block",
          "weight": 3,
          "functions": [
            {
              "function": "minecraft:set_count",
              "count": {
                "min": 3,
                "max": 5
              }
            },
            {
              "function": "minecraft:limit_count",
              "limit": {
                "min": 1,
                "max": 5
              }
            }
          ]
        },
        {
          "type": "minecraft:item",
          "name": "minecraft:pink_stained_glass",
          "weight": 52,
          "functions": [
            {
              "function": "minecraft:set_count",
              "count": {
                "min": 5,
                "max": 46
              }
            },
            {
              "function": "minecraft:limit_count",
              "limit": {
                "min": 1,
                "max": 20
              }
            }
          ]
        },
        {
          "type": "minecraft:item",
          "name": "minecraft:air",
          "weight": 200
        },
        {
          "type": "minecraft:item",
          "name": "minecraft:water_bucket",
          "weight": 12
        },
        {
          "type": "minecraft:item",
          "name": "minecraft:lily_pad",
          "weight": 5,
          "functions": [
            {
              "function": "minecraft:set_count",
              "count": {
                "min": 2,
                "max": 5
              }
            },
            {
              "function": "minecraft:limit_count",
              "limit": {
                "min": 2,
                "max": 5
              }
            }
          ]
        },
        {
          "type": "minecraft:item",
          "name": "minecraft:arrow",
          "weight": 76,
          "functions": [
            {
              "function": "minecraft:set_count",
              "count": {
                "min": 1,
                "max": 4
              }
            },
            {
              "function": "minecraft:limit_count",
              "limit": {
                "min": 1,
                "max": 4
              }
            }
          ]
        },
        {
          "type": "minecraft:item",
          "name": "minecraft:torch",
          "weight": 28,
          "functions": [
            {
              "function": "minecraft:set_count",
              "count": {
                "min": 3,
                "max": 5
              }
            },
            {
              "function": "minecraft:limit_count",
              "limit": {
                "min": 1,
                "max": 8
              }
            }
          ]
        },
        {
          "type": "minecraft:item",
          "name": "minecraft:blue_shulker_box",
          "weight": 2,
          "functions": [
            {
              "function": "minecraft:set_count",
              "count": {
                "min": 1,
                "max": 1
              }
            },
            {
              "function": "minecraft:set_name",
              "entity": "this",
              "name": "假的lv3空盒子"
            },
            {
              "function": "minecraft:limit_count",
              "limit": {
                "min": 1,
                "max": 1
              }
            }
          ]
        },
        {
          "type": "minecraft:item",
          "name": "minecraft:bow",
          "weight": 5,
          "functions": [
            {
              "function": "minecraft:set_damage",
              "damage": 350,
              "conditions": [
                {
                  "condition": "minecraft:random_chance",
                  "chance": 80
                }
              ]
            }
          ]
        },
        {
          "type": "minecraft:item",
          "name": "minecraft:crossbow",
          "weight": 3
        },
        {
          "type": "minecraft:item",
          "name": "minecraft:brick_wall",
          "weight": 6,
          "functions": [
            {
              "function": "minecraft:set_count",
              "count": {
                "min": 3,
                "max": 6
              }
            },
            {
              "function": "minecraft:limit_count",
              "limit": {
                "min": 3,
                "max": 6
              }
            }
          ]
        }
      ]
    }
  ]
}
