{
  "pools": [
    {
      "rolls": 27,
      "entries": [
        {
          "type": "minecraft:item",
          "name": "minecraft:air",
          "weight": 50
        },
        {
          "type": "minecraft:item",
          "name": "minecraft:iron_sword",
          "weight": 7,
          "functions": [
            {
              "function": "minecraft:enchant_randomly",
              "options": [
                "minecraft:fire_aspect",
                "minecraft:knockback",
                "minecraft:looting",
                "minecraft:mending",
                "minecraft:sharpness",
                "minecraft:sweeping_edge",
                "minecraft:unbreaking"
              ],
              "conditions": [
                {
                  "condition": "minecraft:random_chance",
                  "chance": 0.3
                }
              ]
            }
          ]
        },
        {
          "type": "minecraft:item",
          "name": "minecraft:iron_axe",
          "weight": 7,
          "functions": [
            {
              "function": "minecraft:enchant_randomly",
              "options": [
                "minecraft:looting",
                "minecraft:mending",
                "minecraft:sharpness",
                "minecraft:unbreaking"
              ],
              "conditions": [
                {
                  "condition": "minecraft:random_chance",
                  "chance": 0.3
                }
              ]
            }
          ]
        },
        {
          "type": "minecraft:item",
          "name": "minecraft:iron_hoe",
          "weight": 7,
          "functions": [
            {
              "function": "minecraft:enchant_randomly",
              "options": [
                "minecraft:knockback",
                "minecraft:mending",
                "minecraft:sharpness",
                "minecraft:unbreaking"
              ],
              "conditions": [
                {
                  "condition": "minecraft:random_chance",
                  "chance": 0.3
                }
              ]
            }
          ]
        },
        {
          "type": "minecraft:item",
          "name": "minecraft:iron_chestplate",
          "weight": 5,
          "functions": [
            {
              "function": "minecraft:enchant_randomly",
              "options": [
                "minecraft:fire_protection",
                "minecraft:blast_protection",
                "minecraft:projectile_protection",
                "minecraft:protection",
                "minecraft:unbreaking",
                "minecraft:mending"
              ],
              "conditions": [
                {
                  "condition": "minecraft:random_chance",
                  "chance": 0.3
                }
              ]
            }
          ]
        },
        {
          "type": "minecraft:item",
          "name": "minecraft:iron_helmet",
          "weight": 5,
          "functions": [
            {
              "function": "minecraft:enchant_randomly",
              "options": [
                "minecraft:fire_protection",
                "minecraft:blast_protection",
                "minecraft:projectile_protection",
                "minecraft:protection",
                "minecraft:unbreaking",
                "minecraft:mending"
              ],
              "conditions": [
                {
                  "condition": "minecraft:random_chance",
                  "chance": 0.3
                }
              ]
            }
          ]
        },
        {
          "type": "minecraft:item",
          "name": "minecraft:iron_leggings",
          "weight": 5,
          "functions": [
            {
              "function": "minecraft:enchant_randomly",
              "options": [
                "minecraft:fire_protection",
                "minecraft:blast_protection",
                "minecraft:projectile_protection",
                "minecraft:protection",
                "minecraft:unbreaking",
                "minecraft:mending"
              ],
              "conditions": [
                {
                  "condition": "minecraft:random_chance",
                  "chance": 0.3
                }
              ]
            }
          ]
        },
        {
          "type": "minecraft:item",
          "name": "minecraft:iron_boots",
          "weight": 5,
          "functions": [
            {
              "function": "minecraft:enchant_randomly",
              "options": [
                "minecraft:fire_protection",
                "minecraft:blast_protection",
                "minecraft:projectile_protection",
                "minecraft:protection",
                "minecraft:unbreaking",
                "minecraft:mending",
                "minecraft:feather_falling",
                "minecraft:frost_walker",
                "minecraft:soul_speed",
                "minecraft:depth_strider"
              ],
              "conditions": [
                {
                  "condition": "minecraft:random_chance",
                  "chance": 0.3
                }
              ]
            }
          ]
        },
        {
          "type": "minecraft:item",
          "name": "minecraft:chainmail_boots",
          "weight": 5
        },
        {
          "type": "minecraft:item",
          "name": "minecraft:chainmail_chestplate",
          "weight": 5
        },
        {
          "type": "minecraft:item",
          "name": "minecraft:chainmail_helmet",
          "weight": 5
        },
        {
          "type": "minecraft:item",
          "name": "minecraft:chainmail_leggings",
          "weight": 5
        },
        {
          "type": "minecraft:item",
          "name": "minecraft:smithing_table",
          "weight": 10
        },
        {
          "type": "minecraft:item",
          "name": "minecraft:damaged_anvil",
          "weight": 8
        },
        {
          "type": "minecraft:item",
          "name": "minecraft:bow",
          "weight": 4,
          "functions": [
            {
              "function": "minecraft:enchant_randomly",
              "options": [
                "minecraft:power",
                "minecraft:flame",
                "minecraft:unbreaking",
                "minecraft:punch"
              ],
              "conditions": [
                {
                  "condition": "minecraft:random_chance",
                  "chance": 0.5
                }
              ]
            }
          ]
        },
        {
          "type": "minecraft:item",
          "name": "minecraft:potion",
          "weight": 4,
          "functions": [
            {
              "function": "minecraft:set_potion",
              "id": "minecraft:strength"
            }
          ]
        },
        {
          "type": "minecraft:item",
          "name": "minecraft:potion",
          "weight": 3,
          "functions": [
            {
              "function": "minecraft:set_potion",
              "id": "minecraft:night_vision"
            }
          ]
        },
        {
          "type": "minecraft:item",
          "name": "minecraft:potion",
          "weight": 4,
          "functions": [
            {
              "function": "minecraft:set_potion",
              "id": "minecraft:regeneration"
            }
          ]
        },
        {
          "type": "minecraft:item",
          "name": "minecraft:potion",
          "weight": 3,
          "functions": [
            {
              "function": "minecraft:set_potion",
              "id": "minecraft:leaping"
            }
          ]
        },
        {
          "type": "minecraft:item",
          "name": "minecraft:potion",
          "weight": 3,
          "functions": [
            {
              "function": "minecraft:set_potion",
              "id": "minecraft:invisibility"
            }
          ]
        },
        {
          "type": "minecraft:item",
          "name": "minecraft:lever",
          "weight": 3
        },
        {
          "type": "minecraft:item",
          "name": "minecraft:salmon",
          "weight": 5,
          "functions": [
            {
              "function": "minecraft:set_count",
              "count": {
                "min": 2,
                "max": 6
              }
            }
          ]
        },
        {
          "type": "minecraft:item",
          "name": "minecraft:mushroom_stew",
          "weight": 4
        },
        {
          "type": "minecraft:item",
          "name": "minecraft:sweet_berries",
          "weight": 6,
          "functions": [
            {
              "function": "minecraft:set_count",
              "count": {
                "min": 1,
                "max": 5
              }
            }
          ]
        },
        {
          "type": "minecraft:item",
          "name": "minecraft:lantern",
          "weight": 4,
          "functions": [
            {
              "function": "minecraft:set_count",
              "count": {
                "min": 1,
                "max": 3
              }
            }
          ]
        },
        {
          "type": "minecraft:item",
          "name": "minecraft:campfire",
          "weight": 2
        },
        {
          "type": "minecraft:item",
          "name": "minecraft:oak_planks",
          "weight": 5,
          "functions": [
            {
              "function": "minecraft:set_count",
              "count": {
                "min": 4,
                "max": 16
              }
            }
          ]
        },
        {
          "type": "minecraft:item",
          "name": "minecraft:spruce_planks",
          "weight": 5,
          "functions": [
            {
              "function": "minecraft:set_count",
              "count": {
                "min": 4,
                "max": 16
              }
            }
          ]
        },
        {
          "type": "minecraft:item",
          "name": "minecraft:red_sandstone",
          "weight": 5,
          "functions": [
            {
              "function": "minecraft:set_count",
              "count": {
                "min": 3,
                "max": 12
              }
            }
          ]
        },
        {
          "type": "minecraft:item",
          "name": "minecraft:golden_carrot",
          "weight": 1,
          "functions": [
            {
              "function": "minecraft:set_count",
              "count": {
                "min": 1,
                "max": 3
              }
            }
          ]
        },
        {
          "type": "minecraft:item",
          "name": "minecraft:arrow",
          "weight": 2,
          "functions": [
            {
              "function": "minecraft:set_count",
              "count": {
                "min": 3,
                "max": 8
              }
            }
          ]
        },
        {
          "type": "minecraft:item",
          "name": "minecraft:tipped_arrow",
          "weight": 1,
          "functions": [
            {
              "function": "minecraft:set_potion",
              "id": "minecraft:weakness"
            },
            {
              "function": "minecraft:set_count",
              "count": {
                "min": 2,
                "max": 5
              }
            }
          ]
        },
        {
          "type": "minecraft:item",
          "name": "minecraft:tipped_arrow",
          "weight": 1,
          "functions": [
            {
              "function": "minecraft:set_potion",
              "id": "minecraft:poison"
            },
            {
              "function": "minecraft:set_count",
              "count": {
                "min": 2,
                "max": 5
              }
            }
          ]
        },
        {
          "type": "minecraft:item",
          "name": "minecraft:tipped_arrow",
          "weight": 1,
          "functions": [
            {
              "function": "minecraft:set_potion",
              "id": "minecraft:slowness"
            },
            {
              "function": "minecraft:set_count",
              "count": {
                "min": 2,
                "max": 5
              }
            }
          ]
        }
      ]
    }
  ]
}
