{
  "pools": [
    {
      "rolls": 2,
      "entries": [
        {
          "type": "minecraft:item",
          "name": "minecraft:lapis_lazuli",
          "weight": 5,
          "functions": [
            {
              "function": "minecraft:set_count",
              "count": {
                "min": 3,
                "max": 8
              }
            },
            {
              "function": "minecraft:limit_count",
              "limit": {
                "min": 2,
                "max": 6
              }
            }
          ]
        },
        {
          "type": "minecraft:item",
          "name": "minecraft:experience_bottle",
          "weight": 5,
          "functions": [
            {
              "function": "minecraft:set_count",
              "count": {
                "min": 1,
                "max": 5
              }
            },
            {
              "function": "minecraft:limit_count",
              "limit": {
                "min": 1,
                "max": 3
              }
            }
          ]
        }
      ]
    },
    {
      "rolls": 25,
      "entries": [
        {
          "type": "minecraft:group",
          "children": [
            {
              "type": "minecraft:item",
              "name": "minecraft:air",
              "weight": 50
            },
            {
              "type": "minecraft:item",
              "name": "minecraft:experience_bottle",
              "weight": 13,
              "functions": [
                {
                  "function": "minecraft:set_count",
                  "count": {
                    "min": 5,
                    "max": 15
                  }
                },
                {
                  "function": "minecraft:limit_count",
                  "limit": {
                    "min": 5,
                    "max": 15
                  }
                }
              ]
            },
            {
              "type": "minecraft:item",
              "name": "minecraft:book",
              "weight": 7,
              "functions": [
                {
                  "function": "minecraft:set_count",
                  "count": {
                    "min": 1,
                    "max": 2
                  }
                },
                {
                  "function": "minecraft:limit_count",
                  "limit": {
                    "min": 1,
                    "max": 2
                  }
                }
              ]
            },
            {
              "type": "minecraft:item",
              "name": "minecraft:lapis_lazuli",
              "weight": 10,
              "functions": [
                {
                  "function": "minecraft:set_count",
                  "count": {
                    "min": 1,
                    "max": 6
                  }
                },
                {
                  "function": "minecraft:limit_count",
                  "limit": {
                    "min": 1,
                    "max": 8
                  }
                }
              ]
            },
            {
              "type": "minecraft:item",
              "name": "minecraft:wither_rose",
              "weight": 3,
              "functions": [
                {
                  "function": "minecraft:limit_count",
                  "limit": {
                    "min": 1,
                    "max": 1
                  }
                }
              ]
            },
            {
              "type": "minecraft:item",
              "name": "minecraft:enchanting_table",
              "weight": 1,
              "functions": [
                {
                  "function": "minecraft:limit_count",
                  "limit": {
                    "min": 1,
                    "max": 1
                  }
                }
              ]
            },
            {
              "type": "minecraft:item",
              "name": "minecraft:diamond_block",
              "weight": 1,
              "functions": [
                {
                  "function": "minecraft:limit_count",
                  "limit": {
                    "min": 1,
                    "max": 1
                  }
                }
              ]
            },
            {
              "type": "minecraft:item",
              "name": "minecraft:wind_charge",
              "weight": 3,
              "functions": [
                {
                  "function": "minecraft:set_count",
                  "count": {
                    "min": 2,
                    "max": 4
                  }
                }
              ]
            }
          ]
        },
        {
          "type": "minecraft:item",
          "name": "minecraft:heavy_core",
          "weight": 2
        },
        {
          "type": "minecraft:item",
          "name": "minecraft:breeze_rod",
          "weight": 3
        },
        {
          "type": "minecraft:item",
          "name": "minecraft:blaze_rod",
          "weight": 3
        },
        {
          "type": "minecraft:item",
          "name": "minecraft:white_candle",
          "weight": 3,
          "functions": [
            {
              "function": "minecraft:set_count",
              "count": {
                "min": 3,
                "max": 7
              }
            }
          ]
        },
        {
          "type": "minecraft:item",
          "name": "minecraft:bogged_spawn_egg",
          "weight": 1,
          "functions": [
            {
              "function": "minecraft:set_count",
              "count": {
                "min": 3,
                "max": 6
              }
            }
          ]
        }
      ]
    }
  ]
}
