{
  "type": "minecraft:generic",
  "pools": [
    {
      "rolls": 27,
      "entries": [
        {
          "type": "minecraft:item",
          "name": "minecraft:stone",
          "weight": 8,
          "functions": [
            {
              "function": "minecraft:set_count",
              "count": {
                "min": 1,
                "max": 8
              }
            },
            {
              "function": "minecraft:limit_count",
              "limit": {
                "min": 3,
                "max": 12
              }
            }
          ]
        },
        {
          "type": "minecraft:item",
          "name": "minecraft:air",
          "weight": 148,
          "functions": [
            {
              "function": "minecraft:set_count",
              "count": 1
            }
          ]
        },
        {
          "type": "minecraft:item",
          "name": "minecraft:sand",
          "weight": 22,
          "functions": [
            {
              "function": "minecraft:set_count",
              "count": {
                "min": 4,
                "max": 6
              }
            },
            {
              "function": "minecraft:limit_count",
              "limit": {
                "min": 1,
                "max": 8
              }
            }
          ]
        },
        {
          "type": "minecraft:item",
          "name": "creeper_spawn_egg",
          "weight": 1,
          "functions": [
            {
              "function": "minecraft:limit_count",
              "limit": {
                "min": 1,
                "max": 1
              }
            }
          ],
          "conditions": [
            {
              "condition": "minecraft:random_chance",
              "chance": 40
            }
          ]
        },
        {
          "type": "minecraft:item",
          "name": "tnt",
          "weight": 14,
          "functions": [
            {
              "function": "minecraft:set_count",
              "count": {
                "min": 1,
                "max": 2
              }
            },
            {
              "function": "minecraft:limit_count",
              "limit": {
                "min": 2,
                "max": 7
              }
            }
          ]
        },
        {
          "type": "minecraft:item",
          "name": "gunpowder",
          "weight": 16,
          "functions": [
            {
              "function": "minecraft:set_count",
              "count": {
                "min": 2,
                "max": 4
              }
            },
            {
              "function": "minecraft:limit_count",
              "limit": {
                "min": 4,
                "max": 7
              }
            }
          ]
        },
        {
          "type": "minecraft:item",
          "name": "crafting_table",
          "weight": 2,
          "functions": [
            {
              "function": "minecraft:limit_count",
              "limit": {
                "min": 1,
                "max": 1
              }
            }
          ]
        },
        {
          "type": "minecraft:item",
          "name": "shield",
          "weight": 4,
          "functions": [
            {
              "function": "minecraft:set_nbt",
              "tag": "{Damage:120}"
            },
            {
              "function": "minecraft:enchant_randomly",
              "enchantments": [
                "minecraft:vanishing_curse"
              ],
              "conditions": [
                {
                  "condition": "minecraft:random_chance",
                  "chance": 50
                }
              ]
            }
          ]
        },
        {
          "type": "minecraft:item",
          "name": "flint_and_steel",
          "weight": 2,
          "functions": [
            {
              "function": "minecraft:set_nbt",
              "tag": "{Damage:54}"
            }
          ]
        }
      ]
    }
  ]
}