{
  "pools": [
    {
      "rolls": 1,
      "entries": [
        {
          "type": "minecraft:item",
          "name": "minecraft:green_wool",
          "weight": 50
        },
        {
          "type": "minecraft:item",
          "name": "blue_wool",
          "weight": 50
        },
        {
          "type": "minecraft:item",
          "name": "minecraft:red_wool",
          "weight": 50
        },
        {
          "type": "minecraft:item",
          "name": "light_blue_wool",
          "weight": 50
        }
      ]
    },
    {
      "rolls": 1,
      "entries": [
        {
          "type": "minecraft:item",
          "name": "black_concrete",
          "weight": 2800
        },
        {
          "type": "minecraft:item",
          "name": "stone",
          "weight": 140
        },
        {
          "type": "minecraft:item",
          "name": "iron_ingot",
          "weight": 48
        },
        {
          "type": "minecraft:item",
          "name": "diamond",
          "weight": 12
        },
        {
          "type": "minecraft:item",
          "name": "carrot",
          "weight": 20
        },
        {
          "type": "minecraft:item",
          "name": "enchanted_book",
          "weight": 10
        },
        {
          "type": "minecraft:item",
          "name": "apple",
          "weight": 25
        },
        {
          "type": "minecraft:item",
          "name": "slime_ball",
          "weight": 45
        }
      ]
    },
    {
      "rolls": 1,
      "entries": [
        {
          "type": "minecraft:item",
          "name": "black_concrete",
          "weight": 3000
        },
        {
          "type": "minecraft:item",
          "name": "stone",
          "weight": 140
        },
        {
          "type": "minecraft:item",
          "name": "iron_ingot",
          "weight": 48
        },
        {
          "type": "minecraft:item",
          "name": "diamond",
          "weight": 12
        },
        {
          "type": "minecraft:item",
          "name": "carrot",
          "weight": 20
        },
        {
          "type": "minecraft:item",
          "name": "enchanted_book",
          "weight": 10
        },
        {
          "type": "minecraft:item",
          "name": "apple",
          "weight": 25
        },
        {
          "type": "minecraft:item",
          "name": "slime_ball",
          "weight": 45
        },
        {
          "type": "minecraft:item",
          "name": "golden_carrot",
          "weight": 5
        },
        {
          "type": "minecraft:item",
          "name": "tnt",
          "weight": 5
        }
      ]
    },
    {
      "rolls": 2,
      "entries": [
        {
          "type": "minecraft:item",
          "name": "white_concrete",
          "weight": 10
        },
        {
          "type": "minecraft:item",
          "name": "orange_concrete",
          "weight": 10
        },
        {
          "type": "minecraft:item",
          "name": "magenta_concrete",
          "weight": 10
        },
        {
          "type": "minecraft:item",
          "name": "light_blue_concrete",
          "weight": 10
        },
        {
          "type": "minecraft:item",
          "name": "yellow_concrete",
          "weight": 10
        },
        {
          "type": "minecraft:item",
          "name": "lime_concrete",
          "weight": 10
        },
        {
          "type": "minecraft:item",
          "name": "pink_concrete",
          "weight": 10
        },
        {
          "type": "minecraft:item",
          "name": "gray_concrete",
          "weight": 10
        }
      ]
    }
  ]
}