{
  "type": "minecraft:generic",
  "pools": [
    {
      "rolls": 12,
      "entries": [
        {
          "type": "minecraft:item",
          "name": "minecraft:air",
          "weight": 10
          
        }
      ]
    },
    {
      "rolls": 1,
      "entries": [
        {
          "type": "minecraft:item",
          "name": "minecraft:wooden_axe",
          "weight": 50
          
        },
        {
          "type": "minecraft:item",
          "name": "minecraft:stone_axe",
          "weight": 50
          
        },
        {
          "type": "minecraft:item",
          "name": "minecraft:iron_axe",
          "weight": 10
          
        }
      ]
    },
    {
      "rolls": 1,
      "entries": [
        {
          "type": "minecraft:item",
          "name": "minecraft:wooden_shovel",
          "weight": 50
          
        },
        {
          "type": "minecraft:item",
          "name": "minecraft:stone_shovel",
          "weight": 50
          
        },
        {
          "type": "minecraft:item",
          "name": "minecraft:iron_shovel",
          "weight": 10
          
        }
      ]
    },
    {
      "rolls": 1,
      "entries": [
        {
          "type": "minecraft:item",
          "name": "minecraft:wooden_pickaxe",
          "weight": 50
          
        },
        {
          "type": "minecraft:item",
          "name": "minecraft:stone_pickaxe",
          "weight": 50
          
        },
        {
          "type": "minecraft:item",
          "name": "minecraft:iron_pickaxe",
          "weight": 10
          
        }
      ]
    }
  ]
}